1,SRS4285090
2,ERS976703
3,SRS976190
4,SRS600129
5,DRS009172
6,SRS1429336
7,SRS1610337
8,ERS872228
9,SRS1761214
10,SRS1039161
11,SRS1760226
12,SRS1760144
13,SRS1422840
14,SRS1745137
15,DRS046730
16,SRS859449
17,SRS995470
18,SRS775630
19,SRS1596188
20,SRS1629013
21,SRS2165536
22,ERS872338
23,SRS602204
24,SRS1958909
25,SRS2080225
26,SRS2652619
27,SRS552588
28,SRS4619468
29,DRS011772
30,DRS075101
31,SRS718565
32,SRS600138
33,SRS1614937
34,SRS1058685
35,SRS552645
36,SRS552606
37,SRS596896
38,SRS789429
39,SRS1953876
40,SRS1876170
41,SRS2027768
42,SRS2313393
43,SRS4705290
44,SRS1261884
45,SRS789484
46,SRS2165779
47,SRS4618844
48,SRS596871
49,SRS1760138
50,SRS732742
51,SRS2313380
52,SRS1519368
53,SRS696553
54,SRS2027774
55,SRS1569239
56,SRS2165836
57,SRS1610800
58,DRS008306
59,SRS1760149
60,SRS4789272
61,SRS2207385
62,SRS613268
63,SRS2071051
64,SRS696611
65,SRS777546
66,SRS718543
67,SRS891415
68,SRS1065320
69,SRS605864
70,SRS923471
71,SRS690389
72,SRS489178
73,SRS718671
74,SRS819532
75,SRS1160846
76,SRS980830
77,SRS1958848
78,SRS789514
79,ERS1453106
80,SRS693652
81,SRS2080264
82,SRS741100
83,DRS016358
84,SRS469887
85,SRS4618943
86,SRS4619280
87,SRS4151863
88,SRS1099015
89,DRS008201
90,DRS008309
91,ERS976711
92,ERS872305
93,SRS953074
94,SRS1777041
95,SRS600110
96,DRS008598
97,ERS686966
98,SRS976249
99,SRS1114209
100,SRS513469
101,SRS718696
102,SRS976502
103,SRS380288
104,DRS008281
105,SRS960396
106,SRS380361
107,SRS2313247
108,SRS738335
109,SRS909162
110,SRS2408277
111,SRS949799
112,SRS1972809
113,SRS875289
114,DRS017431
115,SRS4619180
116,SRS1714200
117,SRS741089
118,SRS696451
119,SRS690323
120,SRS2313612
121,DRS008013
122,DRS046715
123,SRS2080403
124,SRS912698
125,SRS3627587
126,SRS4619285
127,SRS4618811
128,SRS918896
129,SRS2080432
130,SRS696418
131,SRS839235
132,ERS1222191
133,SRS976265
134,SRS2165801
135,SRS2313613
136,SRS1090398
137,SRS500656
138,SRS3217879
139,SRS380299
140,SRS1440315
141,SRS718517
142,SRS980820
143,SRS1790643
144,SRS2165515
145,SRS2486065
146,SRS652723
147,ERS872284
148,SRS2207422
149,SRS919936
150,SRS690356
151,DRS017519
152,SRS4619380
153,SRS696330
154,SRS2165642
155,SRS602102
156,ERS935040
157,SRS4151854
158,SRS1354598
159,SRS1745238
160,SRS596883
161,ERS625764
162,SRS596878
163,SRS718668
164,ERS642678
165,SRS943922
166,SRS872573
167,SRS2165596
168,ERS872210
169,SRS1129674
170,SRS2165475
171,SRS909649
172,SRS1958932
173,SRS1058310
174,ERS1453110
175,SRS1122274
176,SRS2165640
177,SRS976510
178,SRS516128
179,SRS2165492
180,SRS593362
181,SRS4619427
182,SRS1804986
183,SRS4619203
184,ERS625878
185,SRS2313587
186,SRS718579
187,SRS2165741
188,SRS2080238
189,ERS1222206
190,SRS2313203
191,SRS1915517
192,DRS008196
193,ERS872257
194,SRS4619194
195,SRS777547
196,SRS1355234
197,SRS696543
198,DRS016363
199,SRS2408284
200,SRS1065326
201,DRS017502
202,SRS1160843
203,DRS007996
204,SRS2080164
205,SRS1282589
206,SRS601890
207,SRS2313245
208,SRS1422842
209,SRS3264267
210,SRS550291
211,SRS976532
212,SRS696354
213,SRS1773911
214,SRS1346916
215,SRS1569217
216,SRS965057
217,SRS741094
218,SRS2080510
219,SRS2313293
220,SRS980740
221,SRS2207402
222,SRS1777080
223,SRS1847391
224,SRS921366
225,SRS4529237
226,SRS840022
227,SRS2417370
228,ERS976684
229,SRS1569249
230,SRS2165566
231,SRS4619185
232,SRS1017828
233,DRS008225
234,SRS1807905
235,SRS696456
236,SRS2317017
237,SRS2165795
238,SRS2165544
239,SRS1516088
240,SRS976263
241,SRS2120802
242,SRS2313438
243,SRS2120785
244,SRS2165470
245,SRS1122257
246,SRS1629018
247,SRS4618712
248,SRS2080083
249,SRS1760218
250,DRS008221
251,SRS1516111
252,SRS701398
253,SRS696448
254,SRS696441
255,SRS2080383
256,SRS1121900
257,SRS1396865
258,SRS749121
259,SRS1055991
260,SRS602184
261,SRS1915523
262,ERS976681
263,SRS1953871
264,SRS1614952
265,SRS2313253
266,SRS1569263
267,ERS686954
268,SRS1807923
269,SRS976217
270,SRS2347173
271,SRS4619267
272,SRS2080318
273,SRS4619208
274,ERS625776
275,SRS1090409
276,ERS625883
277,SRS2165817
278,SRS1569242
279,ERS1234148
280,SRS741110
281,SRS2080142
282,SRS2120745
283,ERS1058661
284,SRS1876153
285,SRS600856
286,SRS2120697
287,SRS696655
288,SRS1958794
289,SRS2080257
290,SRS718681
291,SRS1122285
292,SRS513352
293,SRS1074046
294,SRS4789297
295,SRS1569219
296,ERS872333
297,SRS553686
298,SRS2313332
299,SRS1596398
300,ERS872216
301,SRS976094
302,SRS2080496
303,ERS625851
304,SRS959263
305,SRS2080424
306,SRS4789265
307,SRS1548942
308,SRS735975
309,SRS552644
310,SRS2120791
311,SRS976187
312,ERS935054
313,ERS935091
314,SRS2080141
315,SRS516166
316,SRS1164620
317,SRS1249242
318,SRS4619356
319,SRS593345
320,SRS3821638
321,SRS380378
322,SRS552593
323,SRS696480
324,SRS605566
325,SRS1516106
326,SRS2080325
327,SRS1264940
328,SRS2080400
329,SRS1925674
330,SRS2288984
331,SRS1129673
332,ERS625925
333,SRS2313324
334,SRS995469
335,SRS1629019
336,SRS380316
337,DRS007989
338,SRS1781581
339,SRS1582150
340,SRS4619190
341,SRS2165601
342,SRS1606495
343,ERS625915
344,SRS789499
345,SRS2080483
346,SRS602168
347,SRS4618629
348,SRS1547238
349,ERS872203
350,SRS965048
351,SRS2080308
352,SRS2313412
353,SRS660317
354,SRS1065305
355,DRS007994
356,SRS2165743
357,SRS600131
358,SRS4151875
359,SRS980809
360,SRS1804960
361,SRS1516118
362,SRS918875
363,SRS552651
364,SRS2120683
365,SRS1380774
366,SRS1557590
367,SRS4662538
368,SRS380357
369,DRS035767
370,SRS2313507
371,ERS872308
372,SRS1482481
373,SRS2165679
374,SRS602040
375,SRS2080502
376,SRS2261642
377,ERS625863
378,SRS976525
379,SRS613272
380,SRS4619278
381,SRS775625
382,SRS690324
383,SRS819556
384,SRS2080227
385,SRS944540
386,SRS2080071
387,SRS2347172
388,DRS017658
389,SRS1773926
390,SRS1885621
391,SRS1547225
392,SRS1760221
393,SRS741109
394,SRS2080074
395,SRS2080181
396,SRS789536
397,SRS1091407
398,SRS1610797
399,ERS935056
400,SRS605627
401,SRS1249254
402,SRS962044
403,DRS008483
404,ERS611058
405,SRS943912
406,SRS2165676
407,SRS2120693
408,SRS789531
409,SRS1282608
410,SRS2207404
411,SRS1582166
412,SRS943920
413,SRS690284
414,SRS2080146
415,SRS1547257
416,ERS625810
417,SRS1777055
418,SRS945036
419,SRS2120760
420,SRS1781621
421,SRS1584734
422,SRS1958813
423,SRS819545
424,SRS1773955
425,SRS1807922
426,SRS1582169
427,SRS2313198
428,SRS2313306
429,SRS2080068
430,SRS2080072
431,SRS2439679
432,SRS609762
433,SRS2313568
434,SRS1745526
435,SRS2313494
436,SRS602183
437,SRS516162
438,SRS2080183
439,SRS1760197
440,SRS696653
441,SRS1565042
442,SRS1790641
443,SRS1777043
444,SRS2313483
445,SRS4619033
446,ERS1122049
447,SRS1122293
448,SRS1306527
449,SRS696679
450,SRS1058898
451,SRS789519
452,SRS552609
453,SRS813528
454,SRS1958845
455,SRS789435
456,DRS018085
457,ERS506029
458,SRS696454
459,SRS1877017
460,SRS976158
461,ERS935093
462,ERS625829
463,SRS1876768
464,SRS613275
465,SRS2080112
466,SRS980772
467,SRS1557596
468,SRS976196
469,SRS553692
470,SRS1071472
471,ERS872290
472,ERS1222190
473,SRS2434770
474,SRS976099
475,SRS595395
476,SRS4568294
477,SRS2165712
478,SRS1354617
479,SRS2313307
480,SRS858548
481,SRS656129
482,DRS008249
483,DRS008263
484,SRS2165768
485,SRS2080258
486,SRS600871
487,SRS2165826
488,ERS642694
489,SRS696444
490,SRS1380762
491,SRS515004
492,SRS2080310
493,SRS976241
494,SRS1761233
495,SRS605637
496,DRS017776
497,SRS789508
498,SRS696324
499,SRS2313415
500,SRS1738633
501,DRS047067
502,ERS625885
503,SRS2545606
504,SRS1615027
505,SRS1958927
506,SRS918878
507,SRS605622
508,SRS2165482
509,SRS513468
510,SRS718665
511,SRS1589480
512,ERS872298
513,SRS1958849
514,SRS980774
515,SRS1790619
516,DRS008392
517,SRS2313420
518,SRS918873
519,SRS2313244
520,SRS1267276
521,SRS380429
522,DRS017515
523,SRS4151869
524,ERS701910
525,SRS4619519
526,SRS693653
527,ERS935073
528,SRS4619351
529,SRS4662539
530,SRS1582193
531,SRS976228
532,SRS1980785
533,SRS4618933
534,SRS4619268
535,SRS2434758
536,SRS1074038
537,SRS2165529
538,DRS008000
539,SRS380376
540,SRS976083
541,SRS2313273
542,SRS1039919
543,SRS1266118
544,SRS1039244
545,SRS718540
546,SRS4618934
547,SRS1777048
548,SRS600124
549,SRS1081157
550,SRS4151878
551,SRS858554
552,SRS1116897
553,SRS1129680
554,ERS625803
555,SRS602077
556,SRS1516093
557,SRS4619207
558,SRS696436
559,ERS642691
560,SRS919933
561,SRS2080467
562,DRS008264
563,SRS380436
564,SRS1760143
565,SRS696546
566,ERS976693
567,SRS789462
568,ERS935088
569,SRS1958951
570,SRS948947
571,SRS690362
572,SRS1235768
573,SRS1249236
574,SRS552589
575,SRS4619308
576,SRS1958877
577,ERS625775
578,SRS828971
579,SRS1615061
580,SRS1569264
581,SRS1915513
582,SRS4619035
583,SRS605606
584,SRS2120684
585,SRS918890
586,SRS1629015
587,ERS625903
588,SRS2080219
589,SRS749117
590,DRS008252
591,SRS2288934
592,SRS1122312
593,SRS2165521
594,SRS1773928
595,SRS2313603
596,SRS1379688
597,SRS380312
598,SRS2288942
599,SRS1582160
600,SRS819564
601,SRS2120753
602,SRS602050
603,SRS690291
604,DRS017836
605,SRS1249284
606,SRS1958823
607,SRS690287
608,ERS935041
609,SRS2545555
610,SRS552650
611,SRS593376
612,SRS605661
613,SRS1440316
614,SRS1039937
615,SRS500669
616,SRS819512
617,SRS2313570
618,SRS2545560
619,SRS2165668
620,SRS875295
621,SRS696305
622,SRS4619243
623,SRS1744993
624,DRS011773
625,SRS1876159
626,SRS1615044
627,SRS965051
628,SRS1614950
629,SRS4618851
630,SRS2080303
631,SRS582936
632,SRS4619192
633,SRS1039186
634,SRS1807908
635,SRS2435409
636,SRS602028
637,SRS696322
638,SRS2080014
639,ERS625770
640,SRS732732
641,SRS696355
642,SRS1777059
643,SRS789479
644,SRS1615068
645,SRS2165497
646,DRS008390
647,SRS2207380
648,SRS690350
649,SRS2165624
650,SRS948774
651,DRS017450
652,SRS1953877
653,SRS380435
654,SRS2321650
655,SRS2313276
656,SRS1159172
657,SRS2313447
658,SRS605603
659,SRS1116898
660,SRS1354607
661,SRS1980789
662,SRS718525
663,SRS2408287
664,SRS4619095
665,SRS2165855
666,SRS789530
667,SRS2080434
668,SRS2080477
669,ERS872252
670,SRS690387
671,ERS872353
672,SRS2165675
673,SRS741128
674,SRS2313629
675,DRS016364
676,SRS1282614
677,SRS596881
678,SRS1074034
679,SRS1039792
680,SRS2080027
681,DRS062789
682,SRS593351
683,SRS1777087
684,SRS4618913
685,SRS1074649
686,SRS600104
687,SRS2165728
688,SRS2120726
689,SRS4618941
690,SRS1516055
691,SRS4619415
692,SRS1777063
693,SRS696310
694,SRS2080106
695,SRS1915506
696,SRS1871649
697,SRS1760141
698,SRS561641
699,SRS552623
700,SRS1958795
701,SRS1569230
702,SRS609771
703,SRS815803
704,SRS2545564
705,SRS1807915
706,SRS1249269
707,SRS980814
708,SRS4619421
709,SRS2165677
710,SRS789444
711,SRS2250658
712,SRS980841
713,DRS008494
714,SRS2165861
715,SRS2313258
716,SRS602094
717,SRS2417367
718,SRS4619142
719,ERS976686
720,ERS872274
721,SRS732731
722,SRS1072728
723,SRS2288057
724,SRS605611
725,SRS1282611
726,SRS921324
727,SRS1958788
728,ERS872253
729,SRS380275
730,SRS1738798
731,SRS1773931
732,SRS1557595
733,SRS591653
734,SRS1867720
735,SRS2080110
736,SRS2417380
737,SRS1249283
738,SRS380314
739,SRS4619159
740,SRS1129688
741,SRS4618637
742,SRS4619425
743,SRS1396847
744,SRS380434
745,SRS1804969
746,SRS803325
747,SRS4619094
748,SRS500421
749,SRS696548
750,SRS1082459
751,ERS625923
752,SRS4619149
753,SRS977410
754,SRS605863
755,SRS976262
756,SRS789498
757,SRS741112
758,SRS1282600
759,SRS2165851
760,SRS1122326
761,ERS611054
762,SRS4662548
763,SRS1777040
764,SRS1614939
765,SRS1934567
766,SRS992912
767,SRS732737
768,SRS992773
769,SRS1557600
770,ERS1453107
771,SRS2408285
772,SRS980836
773,SRS2080194
774,SRS1569274
775,SRS1122317
776,SRS1306549
777,SRS2080067
778,SRS1249241
779,SRS858219
780,SRS4619274
781,SRS1867725
782,SRS2165522
783,SRS1885618
784,SRS1760178
785,SRS965047
786,SRS690360
787,ERS625852
788,SRS944544
789,SRS1777075
790,SRS2165833
791,SRS2165845
792,SRS980838
793,SRS2120756
794,SRS1790649
795,ERS642699
796,SRS409145
797,SRS4618784
798,SRS696477
799,SRS1582155
800,SRS1313086
801,SRS4151857
802,SRS2080224
803,SRS1582164
804,SRS980795
805,DRS008245
806,DRS008224
807,SRS678006
808,SRS1335844
809,SRS2313382
810,SRS602169
811,SRS1516121
812,SRS1915524
813,SRS1122311
814,ERS976708
815,SRS1714206
816,SRS1548947
817,ERS1058660
818,SRS605610
819,SRS980812
820,SRS600108
821,SRS2080246
822,SRS4619361
823,SRS1629009
824,SRS2165556
825,SRS602189
826,SRS959262
827,ERS872369
828,SRS696625
829,SRS2313303
830,SRS2165808
831,SRS2080456
832,ERS625814
833,SRS2313626
834,SRS602197
835,SRS958246
836,SRS409141
837,SRS515842
838,SRS1777065
839,SRS4618915
840,SRS2165546
841,SRS4619272
842,SRS1091392
843,SRS552395
844,SRS1249286
845,ERS801250
846,SRS2313196
847,SRS2080442
848,SRS789428
849,SRS662303
850,SRS553672
851,ERS1473554
852,SRS1039934
853,SRS945043
854,SRS918876
855,SRS2080037
856,SRS516122
857,SRS1090406
858,SRS1958875
859,DRS046727
860,SRS2652624
861,ERS872372
862,SRS696371
863,SRS1761209
864,ERS872285
865,SRS1582158
866,SRS2207417
867,ERS1473539
868,SRS2313267
869,SRS380415
870,SRS380294
871,SRS1876147
872,ERS611047
873,SRS980805
874,SRS600111
875,SRS602153
876,SRS2080182
877,SRS1790647
878,SRS2165814
879,SRS4618789
880,SRS1569227
881,SRS1761244
882,SRS1195487
883,SRS1761087
884,SRS1039230
885,SRS1367974
886,SRS1482870
887,SRS4618642
888,SRS489190
889,SRS1396866
890,DRS008222
891,SRS976161
892,SRS1615014
893,SRS789450
894,SRS2080092
895,SRS690318
896,SRS1569223
897,DRS008285
898,SRS1610793
899,DRS008233
900,SRS1760190
901,SRS1614938
902,ERS611042
903,SRS1773910
904,SRS4618846
905,SRS2165755
906,SRS1629034
907,SRS602057
908,SRS921328
909,SRS600897
910,SRS1760147
911,SRS1159159
912,SRS2313458
913,SRS1582195
914,SRS1090408
915,SRS1329616
916,SRS600132
917,SRS980778
918,SRS859448
919,SRS789443
920,SRS2080150
921,SRS1614959
922,SRS1738797
923,SRS718625
924,SRS1582953
925,SRS552590
926,SRS2080488
927,SRS2080126
928,SRS1081161
929,SRS690377
930,DRS008376
931,SRS980790
932,SRS516119
933,SRS600899
934,SRS2080382
935,SRS718553
936,SRS1614941
937,SRS789518
938,SRS718695
939,SRS2080498
940,SRS2165731
941,ERS625759
942,DRS016365
943,SRS1958955
944,ERS1222194
945,ERS976689
946,DRS046726
947,SRS2080024
948,SRS965053
949,SRS4619080
950,SRS2417375
951,SRS2313577
952,SRS2080440
953,SRS2080154
954,SRS455116
955,SRS2165496
956,SRS1890961
957,SRS1723855
958,SRS1161482
959,SRS1122270
960,SRS1168447
961,SRS2080317
962,SRS1953875
963,SRS609786
964,SRS1081153
965,SRS1010960
966,ERS872271
967,SRS732733
968,SRS2080001
969,SRS2652627
970,SRS4618938
971,SRS1958801
972,SRS985889
973,SRS2080070
974,SRS819538
975,SRS1807900
976,SRS738339
977,SRS873017
978,SRS656111
979,SRS1777085
980,SRS2080180
981,SRS4705279
982,SRS733637
983,SRS2080309
984,SRS2313491
985,SRS819539
986,SRS1761230
987,SRS602126
988,SRS602163
989,SRS1282584
990,SRS2313463
991,SRS953088
992,SRS2080301
993,SRS1429350
994,SRS954265
995,SRS2313518
996,SRS666504
997,SRS1569277
998,SRS696490
999,SRS2207376
1000,SRS2120786

