1,SRS4856481
2,SRS1631854
3,SRS635401
4,SRS1188290
5,SRS2471228
6,SRS1615012
7,SRS1684282
8,SRS1045647
9,SRS1998594
10,SRS954843
11,SRS3563364
12,SRS1453056
13,ERS1467382
14,SRS4618877
15,SRS876236
16,SRS1920724
17,SRS417425
18,SRS950588
19,ERS185061
20,SRS1453698
21,SRS1716231
22,DRS013494
23,SRS1972864
24,SRS1662625
25,DRS088561
26,SRS1341723
27,ERS1350812
28,ERS1253023
29,SRS812676
30,SRS293467
31,SRS1741000
32,SRS4853244
33,SRS1800416
34,SRS603199
35,SRS1322599
36,SRS3414986
37,SRS3960222
38,SRS1637092
39,SRS467266
40,SRS980222
41,SRS1440641
42,SRS1632558
43,SRS853178
44,SRS2229526
45,SRS1639105
46,SRS1931888
47,SRS1667591
48,SRS639179
49,SRS1458655
50,SRS4478532
51,SRS955786
52,SRS1603734
53,SRS1524787
54,SRS1460551
55,SRS2104691
56,SRS918961
57,SRS4559337
58,SRS1745250
59,SRS3977296
60,SRS1459771
61,SRS1544301
62,SRS4135760
63,SRS1922413
64,SRS1510360
65,SRS2219586
66,SRS1194679
67,SRS3969342
68,SRS603238
69,SRS1266840
70,SRS1194607
71,SRS3969083
72,SRS695208
73,SRS1698077
74,ERS1467438
75,SRS2210649
76,ERS888255
77,SRS2251486
78,SRS1248494
79,ERS1394383
80,SRS2013885
81,SRS2545180
82,SRS389910
83,SRS1668057
84,SRS1199466
85,SRS1164414
86,SRS1640482
87,DRS001140
88,SRS1054330
89,SRS1188798
90,SRS1308056
91,SRS4661344
92,SRS897573
93,SRS2036579
94,ERS1350569
95,ERS1348689
96,SRS3049833
97,SRS2080625
98,SRS1842851
99,SRS4302923
100,SRS602166
101,SRS976975
102,SRS892700
103,SRS1453139
104,SRS401248
105,SRS1869180
106,SRS2122307
107,ERS1350522
108,SRS600321
109,SRS2005411
110,SRS950927
111,SRS1397201
112,SRS1477647
113,SRS1629796
114,SRS1661882
115,ERS1467067
116,SRS1072345
117,SRS1665294
118,SRS1265785
119,SRS1284290
120,SRS4319299
121,SRS824436
122,ERS196418
123,SRS590288
124,SRS598654
125,SRS1441545
126,SRS4467428
127,SRS2015100
128,SRS994271
129,SRS2412203
130,SRS3732548
131,SRS1342303
132,SRS1600941
133,ERS889057
134,SRS3049838
135,SRS1453616
136,SRS1130911
137,SRS361167
138,SRS525116
139,SRS4704076
140,ERS2624126
141,SRS1663597
142,SRS2410173
143,SRS4324281
144,SRS1188578
145,SRS979833
146,SRS2209855
147,SRS4154187
148,ERS1348867
149,SRS1441784
150,SRS1510239
151,SRS961869
152,SRS2241149
153,SRS115194
154,SRS948564
155,SRS731227
156,SRS1193603
157,SRS3567214
158,SRS1342584
159,SRS968569
160,SRS981981
161,SRS3981751
162,ERS1363370
163,SRS2219653
164,SRS910403
165,SRS1279090
166,SRS3950082
167,SRS457915
168,SRS498656
169,SRS1695365
170,SRS1740850
171,SRS1788297
172,SRS1672246
173,SRS1982027
174,SRS1133911
175,SRS1685140
176,SRS1800425
177,SRS1422990
178,SRS1739960
179,SRS1698279
180,SRS3959873
181,ERS1350222
182,SRS1313464
183,SRS2015229
184,SRS1931884
185,ERS1394106
186,ERS1211369
187,SRS1430494
188,SRS2209489
189,SRS1653736
190,SRS1670000
191,SRS2293705
192,SRS1491124
193,SRS1695418
194,SRS504149
195,SRS400403
196,SRS3732166
197,SRS876126
198,SRS190733
199,SRS2229307
200,SRS1590774
201,SRS2120234
202,SRS863389
203,SRS1526724
204,SRS1548190
205,SRS2128272
206,SRS695190
207,SRS1170235
208,SRS2284339
209,ERS944970
210,SRS4812494
211,SRS1931533
212,SRS002199
213,SRS114974
214,SRS2446085
215,SRS4388258
216,ERS888447
217,SRS1303430
218,ERS2624702
219,SRS891841
220,ERS070414
221,SRS867466
222,SRS3969735
223,SRS1360838
224,SRS1787450
225,SRS1358794
226,SRS1653252
227,ERS1930660
228,SRS2255353
229,SRS1184360
230,SRS2206580
231,SRS1678151
232,SRS3959862
233,SRS4239388
234,SRS2487460
235,SRS3982320
236,SRS1274009
237,SRS2250635
238,SRS700532
239,SRS389586
240,SRS1194707
241,SRS1187697
242,SRS464871
243,SRS504046
244,SRS1401733
245,ERS1351856
246,SRS1461024
247,SRS540155
248,ERS1348696
249,SRS4467225
250,SRS442838
251,SRS1395979
252,SRS1699080
253,SRS1649849
254,SRS4854213
255,SRS266091
256,SRS982288
257,SRS884213
258,SRS524502
259,ERS1505492
260,SRS1869060
261,SRS365218
262,SRS1553674
263,ERS1394195
264,SRS1508484
265,SRS3970314
266,SRS1662844
267,SRS2246777
268,SRS1890442
269,SRS940483
270,SRS3315860
271,SRS1048042
272,ERS1815593
273,SRS1938056
274,SRS1654364
275,SRS3301281
276,SRS892800
277,SRS1696958
278,SRS2015183
279,SRS2121715
280,ERS1560828
281,SRS3627886
282,ERS944730
283,SRS3978265
284,SRS1655360
285,SRS637034
286,SRS1467022
287,SRS1193553
288,SRS4369406
289,SRS442799
290,SRS1745485
291,ERS944531
292,ERS1350489
293,SRS1696048
294,SRS588767
295,SRS1800881
296,SRS1822821
297,SRS2305607
298,SRS1441617
299,SRS527975
300,SRS374769
301,SRS2568273
302,SRS2161343
303,SRS866578
304,SRS2045315
305,SRS445929
306,SRS1663475
307,SRS1637650
308,SRS4325909
309,SRS1477085
310,SRS959841
311,SRS2537912
312,SRS648667
313,SRS4369931
314,SRS1452502
315,SRS4153735
316,SRS1638917
317,SRS517397
318,SRS2509242
319,SRS648566
320,SRS1638537
321,SRS3696639
322,SRS2075031
323,SRS931317
324,SRS1145840
325,ERS3326080
326,SRS631326
327,SRS2198670
328,SRS1184473
329,SRS1832819
330,SRS897620
331,SRS407180
332,SRS1787457
333,SRS3970117
334,SRS2432318
335,SRS2202877
336,SRS2063591
337,SRS1953930
338,SRS3965709
339,SRS1767472
340,SRS4854666
341,SRS1762163
342,SRS1931494
343,SRS1440281
344,SRS4274488
345,SRS1679301
346,SRS1982065
347,SRS4776988
348,SRS590140
349,SRS4325702
350,SRS1342177
351,SRS629565
352,SRS1360569
353,SRS699482
354,SRS1871120
355,SRS3415121
356,ERS944650
357,SRS1034420
358,SRS677556
359,SRS2388944
360,SRS1445535
361,SRS4572083
362,SRS910555
363,SRS1998546
364,SRS1284251
365,SRS2297644
366,SRS644041
367,SRS627060
368,SRS3607171
369,SRS1603711
370,SRS1676643
371,SRS1188324
372,SRS1546577
373,SRS2128336
374,SRS1830014
375,SRS1128786
376,SRS2537946
377,SRS1658203
378,SRS2282151
379,SRS1763166
380,SRS1469235
381,SRS1937805
382,SRS491049
383,SRS1676126
384,SRS836648
385,SRS408602
386,SRS2568088
387,SRS1476807
388,SRS1133910
389,SRS3798285
390,SRS1194899
391,SRS1998380
392,SRS1800292
393,SRS1230467
394,SRS1668060
395,SRS651971
396,SRS3965930
397,SRS2545061
398,SRS838010
399,SRS3669275
400,SRS1662299
401,SRS1635151
402,SRS648215
403,SRS4853786
404,SRS2302820
405,SRS3959706
406,ERS1435199
407,SRS1510369
408,SRS1217876
409,SRS3958111
410,DRS013581
411,SRS934174
412,ERS1350225
413,SRS629946
414,SRS513608
415,SRS1477256
416,SRS1368948
417,ERS1252799
418,SRS648447
419,SRS4589950
420,ERS1571146
421,ERS221104
422,SRS1376411
423,SRS1466185
424,SRS744545
425,SRS2278117
426,SRS788818
427,SRS1079468
428,SRS2279031
429,SRS2767875
430,SRS152654
431,SRS2388949
432,SRS1386863
433,SRS4876863
434,SRS2060759
435,SRS500424
436,SRS3960102
437,SRS1158991
438,SRS626837
439,ERS577609
440,SRS1798141
441,SRS524834
442,SRS3982647
443,SRS2206676
444,SRS1787573
445,SRS936239
446,SRS648720
447,SRS1804502
448,ERS1394517
449,SRS1638738
450,SRS4969291
451,SRS1655924
452,SRS1332389
453,SRS4853799
454,SRS1440743
455,SRS334194
456,SRS833321
457,SRS3959063
458,SRS691229
459,SRS1938105
460,ERS1394586
461,SRS1921284
462,SRS4855596
463,SRS2080905
464,SRS1635272
465,SRS850296
466,SRS1810408
467,SRS1709440
468,SRS673349
469,SRS1553079
470,SRS981836
471,SRS2094650
472,SRS2545218
473,ERS185295
474,SRS950583
475,SRS1654147
476,SRS582820
477,SRS1211354
478,SRS1649478
479,SRS1023367
480,SRS3084667
481,SRS3970386
482,SRS2412347
483,SRS1998503
484,SRS1921212
485,SRS2049592
486,SRS1459464
487,SRS1196036
488,ERS1394588
489,SRS665095
490,SRS1266455
491,ERS889312
492,SRS1752941
493,SRS2544965
494,ERS943644
495,SRS2493251
496,SRS644689
497,SRS2094631
498,SRS812959
499,SRS1484139
500,SRS2538129
501,SRS644746
502,SRS1636768
503,SRS1553063
504,ERS1290790
505,SRS1444740
506,SRS2509331
507,ERS1252818
508,ERS1349662
509,SRS457779
510,SRS1017434
511,SRS1649401
512,SRS415892
513,SRS821889
514,SRS1126168
515,SRS2308955
516,SRS1640638
517,SRS784927
518,SRS4466727
519,SRS1017437
520,ERS1253428
521,SRS1368089
522,SRS333464
523,SRS3982595
524,SRS1194633
525,SRS1493320
526,SRS733992
527,SRS1699265
528,DRS029729
529,SRS4154028
530,ERS944292
531,SRS2102610
532,SRS1182061
533,SRS4466929
534,SRS1762823
535,SRS4703978
536,SRS3732597
537,SRS1222455
538,ERS943475
539,SRS1373676
540,SRS932698
541,SRS638027
542,SRS897649
543,SRS994298
544,SRS982453
545,SRS1484151
546,SRS1047498
547,SRS1308057
548,SRS1740012
549,SRS1684525
550,SRS4632509
551,SRS2509170
552,SRS441555
553,SRS1546863
554,SRS1184687
555,SRS1638977
556,SRS1981201
557,SRS2220046
558,SRS4369913
559,ERS1211288
560,SRS634623
561,SRS1667260
562,SRS1638562
563,SRS4369891
564,SRS285248
565,SRS1745209
566,SRS1345395
567,SRS3073340
568,SRS1336936
569,SRS2538032
570,SRS1713718
571,SRS961602
572,SRS2537617
573,SRS984029
574,SRS510402
575,SRS644204
576,SRS1336117
577,SRS524772
578,SRS3563323
579,SRS1030653
580,SRS782479
581,SRS1444650
582,SRS2545350
583,SRS389055
584,ERS1351071
585,SRS853267
586,SRS506987
587,SRS1965698
588,ERS1363536
589,SRS1666498
590,SRS624025
591,SRS592077
592,ERS1351374
593,SRS1638942
594,SRS2568378
595,SRS1255298
596,ERS185241
597,ERS1751324
598,SRS629611
599,SRS582595
600,SRS526075
601,SRS735189
602,SRS1749641
603,SRS1998830
604,ERS1221756
605,SRS2219381
606,SRS1827100
607,SRS1267028
608,SRS4703633
609,SRS1649989
610,SRS1012492
611,ERS1211706
612,SRS812750
613,SRS1284330
614,SRS2545184
615,SRS1607603
616,SRS1184555
617,SRS4768544
618,SRS444207
619,ERS1290692
620,SRS3567228
621,SRS1931906
622,SRS3607305
623,SRS638239
624,SRS1998720
625,SRS2219939
626,SRS1452523
627,SRS4154206
628,SRS3732315
629,SRS3975304
630,SRS471474
631,ERS1290608
632,ERS1221640
633,SRS4703944
634,SRS1653862
635,DRS056677
636,ERS1571219
637,SRS1253208
638,ERS1200137
639,ERS577638
640,SRS1628882
641,SRS673489
642,SRS1696035
643,SRS1634038
644,SRS1170264
645,SRS1743911
646,SRS624273
647,SRS1419583
648,SRS2105308
649,DRS013518
650,SRS714472
651,SRS361736
652,SRS1342131
653,SRS784709
654,SRS3958229
655,SRS1699293
656,ERS1200308
657,SRS4380728
658,SRS1441689
659,SRS1303643
660,SRS352010
661,SRS2098866
662,SRS406721
663,SRS488157
664,SRS1440551
665,SRS1163595
666,SRS1459207
667,SRS1600768
668,ERS1930646
669,SRS3959235
670,SRS1959581
671,SRS639527
672,SRS295408
673,ERS1455823
674,SRS1800388
675,SRS1655686
676,SRS983088
677,SRS1921207
678,SRS673061
679,SRS1444983
680,SRS1558263
681,SRS1308059
682,SRS1184423
683,SRS2306167
684,ERS349328
685,SRS2432242
686,ERS1484151
687,SRS2250894
688,SRS1347064
689,SRS524210
690,SRS4096782
691,SRS1777965
692,SRS4466891
693,SRS151074
694,SRS1343331
695,SRS2346723
696,SRS1649106
697,SRS839211
698,SRS983372
699,SRS3969793
700,SRS1460475
701,DRS013422
702,SRS897743
703,SRS1684450
704,SRS1653777
705,SRS1653470
706,SRS1614368
707,SRS4325595
708,SRS2293697
709,SRS2455012
710,SRS1444474
711,SRS1699044
712,SRS2536857
713,SRS390019
714,SRS1048060
715,SRS929050
716,SRS2537835
717,ERS1349863
718,SRS4703046
719,SRS1460155
720,SRS1706539
721,SRS4731305
722,SRS1284319
723,SRS2342165
724,ERS1236784
725,ERS2676699
726,SRS3970914
727,SRS833297
728,SRS1090409
729,SRS1170390
730,SRS1116160
731,SRS1662873
732,SRS3977200
733,SRS1184567
734,SRS310996
735,SRS1189129
736,SRS744534
737,ERS185094
738,SRS1377073
739,SRS581537
740,ERS1253423
741,SRS1798419
742,SRS4704275
743,SRS635306
744,SRS3976668
745,SRS3976559
746,SRS3982764
747,SRS947733
748,SRS1228673
749,SRS491811
750,SRS4619226
751,SRS1762963
752,SRS695248
753,SRS4709197
754,SRS1459729
755,SRS1999037
756,SRS3732352
757,SRS606923
758,SRS1460994
759,SRS1153340
760,SRS1696952
761,SRS1445853
762,SRS1998476
763,SRS1638499
764,SRS459988
765,ERS1662530
766,ERS1466922
767,SRS3732014
768,SRS2293737
769,SRS947402
770,SRS1342744
771,SRS1152555
772,SRS1184783
773,SRS1445775
774,SRS2132282
775,SRS3981949
776,SRS1609995
777,SRS449743
778,ERS943653
779,SRS1059915
780,SRS1366149
781,SRS876144
782,SRS2445623
783,SRS502911
784,SRS637934
785,SRS982446
786,SRS1744864
787,ERS1252854
788,SRS2454913
789,SRS2068614
790,SRS979184
791,SRS1741503
792,SRS2198055
793,SRS1249208
794,SRS784706
795,SRS3970659
796,SRS648376
797,SRS1741679
798,ERS944612
799,SRS4178356
800,SRS1649795
801,SRS1666251
802,SRS1182010
803,SRS2105248
804,SRS811062
805,SRS1194235
806,SRS1493691
807,SRS3419585
808,SRS969111
809,SRS2210184
810,ERS1236827
811,ERS1350387
812,SRS925795
813,SRS1128727
814,SRS4876916
815,ERS537890
816,SRS1419590
817,SRS2036651
818,SRS1635427
819,SRS3975193
820,SRS701756
821,SRS4703615
822,SRS2103114
823,SRS1266361
824,SRS512153
825,SRS1689961
826,SRS1912158
827,SRS987275
828,SRS407095
829,SRS556382
830,ERS889278
831,SRS2537016
832,SRS1640073
833,SRS565814
834,SRS1194406
835,SRS891845
836,SRS2119763
837,SRS379929
838,SRS605842
839,SRS1922596
840,SRS4703529
841,SRS1353341
842,SRS2396728
843,SRS1288246
844,SRS2279137
845,SRS600139
846,SRS3975408
847,SRS1762171
848,ERS1290872
849,SRS1565162
850,SRS1476750
851,SRS1192076
852,ERS462467
853,SRS1341786
854,SRS1460331
855,ERS1351533
856,SRS928994
857,SRS445972
858,SRS1318141
859,SRS3049876
860,ERS943188
861,SRS625395
862,SRS3418790
863,SRS1144275
864,SRS4096781
865,SRS2468247
866,SRS1459255
867,SRS1453183
868,SRS1749907
869,SRS1493283
870,SRS931036
871,SRS708641
872,SRS1421414
873,SRS983781
874,SRS441884
875,SRS443895
876,ERS1552082
877,SRS1366732
878,SRS631392
879,SRS1115296
880,SRS1459301
881,SRS2423292
882,SRS1135659
883,SRS2128289
884,SRS2544785
885,SRS1652329
886,SRS1342556
887,SRS1181761
888,SRS3974617
889,SRS3696570
890,SRS2251637
891,SRS1184623
892,SRS1625337
893,SRS1632200
894,SRS1632260
895,ERS3325989
896,SRS2454780
897,SRS429720
898,SRS442219
899,SRS485021
900,SRS1658199
901,SRS1912500
902,SRS2255314
903,ERS688420
904,SRS2015049
905,SRS4369565
906,SRS1018868
907,SRS008903
908,SRS1699006
909,SRS4319321
910,SRS3418876
911,SRS509526
912,SRS3419582
913,SRS969123
914,SRS4853310
915,SRS1927463
916,SRS1749554
917,SRS2544679
918,SRS2255496
919,ERS1349990
920,SRS1419258
921,SRS1342137
922,SRS3731989
923,SRS2412208
924,SRS1184509
925,SRS1399491
926,SRS1930609
927,SRS1034437
928,SRS637760
929,SRS4298706
930,SRS1418546
931,SRS1699682
932,SRS593389
933,SRS2308367
934,SRS1745024
935,SRS3969753
936,SRS952002
937,SRS1689986
938,SRS1695915
939,ERS1351105
940,SRS984632
941,ERS943846
942,SRS972530
943,SRS625221
944,SRS1655937
945,SRS2545174
946,SRS811065
947,SRS1460774
948,SRS600866
949,SRS1872202
950,DRS013540
951,SRS1764737
952,SRS1653167
953,SRS1655557
954,SRS1931894
955,SRS1654266
956,SRS1578068
957,SRS2105235
958,SRS1458632
959,SRS738385
960,SRS2121049
961,SRS1182517
962,SRS2105053
963,SRS1490405
964,SRS827720
965,SRS443284
966,SRS1265231
967,SRS1998652
968,SRS1633983
969,SRS1078122
970,SRS1662635
971,SRS4369493
972,SRS2544429
973,SRS3977285
974,SRS653511
975,SRS784705
976,SRS4697098
977,ERS1253925
978,SRS1614241
979,SRS1890427
980,SRS1640191
981,SRS1145441
982,SRS350442
983,SRS3299541
984,ERS685310
985,SRS3959392
986,SRS714028
987,SRS3419242
988,SRS1921046
989,SRS294240
990,SRS821061
991,ERS1290801
992,SRS1477055
993,SRS1697449
994,SRS3977385
995,SRS008921
996,SRS617463
997,SRS2229722
998,SRS1211184
999,SRS380273
1000,SRS979890
