1,DRS000269
2,DRS000324
3,DRS000673
4,DRS000674
5,DRS000675
6,DRS000676
7,DRS000677
8,DRS000678
9,DRS000679
10,DRS000680
11,DRS000681
12,DRS000682
13,DRS000683
14,DRS000684
15,DRS000858
16,DRS001566
17,DRS014677
18,DRS014678
19,DRS014679
20,DRS014680
21,DRS014681
22,DRS014682
23,DRS014683
24,DRS014684
25,DRS014685
26,DRS014686
27,DRS014687
28,DRS014688
29,DRS014689
30,DRS014690
31,DRS014691
32,DRS014692
33,DRS014693
34,DRS014694
35,DRS014695
36,DRS014696
37,DRS014697
38,DRS014698
39,DRS014699
40,DRS014700
41,DRS014701
42,DRS014702
43,DRS014703
44,DRS014704
45,DRS014705
46,DRS030096
47,DRS030097
48,DRS030098
49,DRS030099
50,DRS030100
51,DRS030101
52,DRS030102
53,DRS030103
54,DRS030104
55,DRS030105
56,DRS030106
57,DRS030107
58,DRS030108
59,DRS030109
60,DRS030110
61,DRS030111
62,DRS030112
63,DRS030113
64,DRS030114
65,DRS030115
66,ERS000126
67,SRS000212
68,SRS000213
69,SRS000214
70,SRS000135
71,SRS000113
72,SRS000138
73,SRS000120
74,SRS000124
75,SRS000139
76,SRS000132
77,SRS000133
78,SRS000112
79,SRS000134
80,SRS000127
81,SRS000129
82,SRS000115
83,SRS000136
84,SRS000140
85,SRS000114
86,SRS000116
87,SRS000117
88,SRS000118
89,SRS000122
90,SRS000137
91,SRS000111
92,SRS000119
93,SRS000121
94,SRS000130
95,SRS000125
96,SRS000126
97,SRS000035
98,SRS000039
99,SRS000068
100,SRS000072
101,SRS000073
102,SRS000075
103,SRS000076
104,SRS000078
105,SRS000033
106,SRS000038
107,SRS000060
108,SRS000063
109,SRS000098
110,SRS000167
111,SRS000040
112,SRS000053
113,SRS000059
114,SRS000066
115,SRS000070
116,SRS000057
117,SRS000047
118,SRS000051
119,SRS000069
120,SRS000074
121,SRS000100
122,SRS000102
123,SRS000104
124,SRS000110
125,SRS000143
126,SRS000144
127,SRS000150
128,SRS000151
129,SRS000152
130,SRS000154
131,SRS000155
132,SRS000157
133,SRS000158
134,SRS000159
135,SRS000160
136,SRS000162
137,SRS000174
138,SRS000183
139,SRS000185
140,SRS000203
141,SRS000211
142,SRS000215
143,SRS000081
144,SRS000061
145,SRS000034
146,SRS000080
147,SRS000123
148,SRS000128
149,SRS000131
150,SRS000090
151,SRS000192
152,SRS000178
153,SRS000189
154,SRS000086
155,SRS000106
156,SRS000147
157,SRS000148
158,SRS000153
159,SRS000156
160,SRS000180
161,SRS000186
162,SRS000196
163,SRS000145
164,SRS000181
165,SRS000097
166,SRS000191
167,SRS000210
168,SRS000099
169,SRS000055
170,SRS000091
171,SRS000092
172,SRS000071
173,SRS000101
174,SRS001262
175,SRS001263
176,SRS000619
177,SRS000620
178,SRS000621
179,SRS000633
180,SRS000641
181,SRS000642
182,SRS000643
183,SRS001671
184,SRS001675
185,SRS001681
186,SRS001682
187,SRS001670
188,SRS000637
189,SRS000638
190,SRS000639
191,SRS000640
192,SRS000614
193,SRS001261
194,ERS001377
195,ERS001379
196,SRS000678
197,SRS000686
198,SRS000666
199,SRS000667
200,SRS000674
201,SRS000675
202,SRS000676
203,SRS000689
204,SRS000685
205,SRS000677
206,ERS007266
207,ERS007256
208,ERS007274
209,ERS007279
210,ERS007255
211,SRS001573
212,SRS001574
213,SRS001575
214,SRS001576
215,SRS001577
216,SRS001580
217,SRS001581
218,SRS001582
219,SRS001584
220,SRS001586
221,SRS001587
222,SRS001588
223,SRS001589
224,SRS001590
225,SRS001591
226,SRS001592
227,SRS001594
228,SRS001595
229,SRS001596
230,SRS001598
231,SRS001599
232,SRS001600
233,SRS001601
234,SRS001604
235,SRS001605
236,SRS006919
237,SRS008601
238,SRS008602
239,SRS006918
240,SRS006925
241,SRS008616
242,SRS001802
243,SRS000723
244,SRS003808
245,SRS003810
246,SRS001366
247,SRS001367
248,SRS001572
249,SRS001571
250,SRS000725
251,SRS000789
252,SRS006566
253,SRS006567
254,SRS006896
255,SRS008582
256,SRS008587
257,SRS008598
258,SRS008662
259,SRS006853
260,SRS006876
261,SRS008519
262,SRS001579
263,SRS001585
264,SRS001578
265,SRS001597
266,SRS001603
267,SRS008604
268,SRS008605
269,SRS008607
270,SRS008608
271,SRS008610
272,SRS008611
273,SRS008613
274,SRS008614
275,SRS006915
276,SRS006916
277,SRS006921
278,SRS006922
279,SRS008619
280,SRS008620
281,SRS008622
282,SRS008623
283,SRS008625
284,SRS008626
285,SRS008631
286,SRS008632
287,SRS008634
288,SRS008635
289,SRS008637
290,SRS008638
291,SRS008643
292,SRS008644
293,SRS008646
294,SRS008647
295,SRS008652
296,SRS008653
297,SRS008509
298,SRS006869
299,SRS006870
300,SRS006871
301,SRS006872
302,SRS006873
303,SRS008513
304,SRS008514
305,SRS008515
306,SRS008522
307,SRS008523
308,SRS008524
309,SRS008525
310,SRS008526
311,SRS008527
312,SRS008529
313,SRS008530
314,SRS008531
315,SRS008533
316,SRS008538
317,SRS008541
318,SRS008543
319,SRS008546
320,SRS008549
321,SRS008550
322,SRS008551
323,SRS008552
324,SRS008553
325,SRS008554
326,SRS008555
327,SRS008556
328,SRS008558
329,SRS008559
330,SRS008560
331,SRS008561
332,SRS008562
333,SRS008563
334,SRS008564
335,SRS008565
336,SRS008566
337,SRS008567
338,SRS008571
339,SRS000767
340,SRS000768
341,SRS001674
342,SRS001735
343,SRS001733
344,SRS001607
345,SRS001608
346,SRS001636
347,SRS001638
348,SRS001701
349,SRS001550
350,SRS001610
351,SRS001626
352,SRS001629
353,SRS001631
354,SRS000716
355,SRS000763
356,SRS000632
357,SRS006893
358,SRS008536
359,SRS008537
360,SRS008583
361,SRS008588
362,SRS008674
363,SRS008691
364,SRS006841
365,SRS006875
366,SRS006882
367,SRS008521
368,SRS008650
369,ERS013009
370,ERS013010
371,SRS010878
372,SRS010879
373,SRS010881
374,SRS010882
375,SRS010884
376,SRS010885
377,SRS008589
378,SRS010719
379,SRS010720
380,SRS010722
381,SRS010723
382,SRS010724
383,SRS010725
384,SRS010726
385,SRS010727
386,SRS010728
387,SRS010729
388,SRS010730
389,SRS010731
390,SRS010732
391,SRS010733
392,SRS010734
393,SRS010735
394,SRS010736
395,SRS010737
396,SRS010738
397,SRS010739
398,SRS010740
399,SRS010747
400,SRS010748
401,SRS010750
402,SRS010751
403,SRS010753
404,SRS010754
405,SRS010756
406,SRS010757
407,SRS010760
408,SRS010761
409,SRS010871
410,SRS001776
411,SRS001630
412,SRS006898
413,SRS006900
414,SRS006901
415,SRS006903
416,SRS006904
417,SRS008540
418,SRS008542
419,SRS008544
420,SRS008547
421,SRS008578
422,SRS008584
423,SRS008585
424,SRS008591
425,SRS008599
426,SRS008655
427,SRS008659
428,SRS008677
429,SRS008692
430,SRS008694
431,SRS006856
432,SRS008503
433,SRS008506
434,SRS008512
435,SRS008649
436,SRS008700
437,SRS008703
438,SRS000616
439,SRS000617
440,SRS001715
441,SRS001619
442,SRS000769
443,SRS000673
444,SRS000683
445,SRS006892
446,SRS006894
447,SRS006895
448,SRS006897
449,SRS006906
450,SRS006907
451,SRS006908
452,SRS008682
453,SRS008683
454,SRS006884
455,SRS008517
456,SRS008535
457,SRS008701
458,SRS008676
459,ERS004092
460,ERS004091
461,ERS004061
462,ERS016118
463,ERS016117
464,ERS002476
465,ERS002478
466,ERS002482
467,ERS002546
468,ERS006648
469,ERS002480
470,ERS002477
471,ERS002479
472,ERS002481
473,SRS000672
474,SRS000687
475,SRS006842
476,SRS006854
477,SRS008505
478,SRS006924
479,SRS006851
480,SRS010743
481,SRS010744
482,SRS008617
483,SRS008595
484,SRS010764
485,SRS008590
486,SRS010773
487,SRS010741
488,SRS008592
489,SRS008596
490,SRS010774
491,SRS010763
492,SRS006849
493,SRS006852
494,SRS008557
495,SRS010742
496,SRS006927
497,SRS006928
498,SRS008628
499,SRS008629
500,SRS008640
501,SRS008641
502,SRS008664
503,SRS008665
504,SRS008667
505,SRS008668
506,SRS008670
507,SRS008671
508,SRS008679
509,SRS008680
510,SRS008685
511,SRS008686
512,SRS008688
513,SRS008689
514,SRS008706
515,SRS008707
516,SRS008709
517,SRS008710
518,SRS008712
519,SRS008713
520,SRS008715
521,SRS008716
522,SRS008718
523,SRS008719
524,SRS008721
525,SRS008722
526,SRS008724
527,SRS008725
528,SRS008727
529,SRS008728
530,SRS008730
531,SRS008731
532,SRS008733
533,SRS008734
534,SRS008736
535,SRS008737
536,SRS008739
537,SRS008740
538,SRS010776
539,SRS010777
540,SRS010802
541,SRS010803
542,SRS010805
543,SRS010806
544,SRS074265
545,SRS074266
546,SRS074268
547,SRS074269
548,SRS074274
549,SRS074275
550,SRS074277
551,SRS074278
552,SRS074280
553,SRS074281
554,SRS006843
555,SRS006846
556,SRS006848
557,SRS006865
558,SRS006867
559,SRS006850
560,SRS006868
561,SRS006912
562,SRS006913
563,SRS006914
564,SRS008576
565,SRS010842
566,SRS010844
567,SRS008577
568,SRS000649
569,SRS000652
570,SRS000656
571,SRS000664
572,SRS000665
573,SRS000648
574,SRS000650
575,SRS000653
576,SRS000654
577,SRS000655
578,SRS000657
579,SRS000658
580,SRS000659
581,SRS000660
582,SRS000661
583,SRS000662
584,SRS000663
585,SRS000668
586,SRS000688
587,SRS000690
588,SRS010784
589,SRS010785
590,SRS010787
591,SRS010788
592,SRS010790
593,SRS010791
594,SRS010794
595,SRS010796
596,SRS010797
597,SRS008579
598,SRS008580
599,SRS008597
600,SRS008581
601,SRS008586
602,SRS010841
603,SRS074334
604,SRS074335
605,SRS074341
606,SRS008593
607,SRS074340
608,SRS074356
609,SRS074357
610,SRS074359
611,SRS074360
612,SRS074361
613,SRS074362
614,SRS074364
615,SRS074366
616,SRS074367
617,SRS074369
618,SRS003565
619,ERS018118
620,ERS027467
621,ERS027468
622,ERS027469
623,ERS027470
624,SRS000612
625,SRS000613
626,SRS000625
627,SRS000626
628,SRS000627
629,SRS000630
630,SRS000631
631,SRS000779
632,SRS000795
633,SRS000805
634,SRS000634
635,SRS000635
636,SRS000636
637,SRS000774
638,SRS000775
639,SRS001709
640,SRS001710
641,SRS001711
642,SRS001712
643,SRS001713
644,SRS001714
645,SRS001717
646,SRS001718
647,SRS001719
648,SRS001720
649,SRS001721
650,SRS001722
651,SRS001723
652,SRS001724
653,SRS001725
654,SRS001726
655,SRS001727
656,SRS001728
657,SRS001732
658,ERS033739
659,ERS033740
660,ERS033741
661,ERS033742
662,ERS033743
663,ERS033744
664,ERS033745
665,ERS033746
666,ERS033747
667,ERS033748
668,ERS033749
669,ERS033750
670,ERS005710
671,ERS005955
672,ERS005711
673,SRS179213
674,SRS179214
675,SRS179215
676,SRS179218
677,SRS179221
678,SRS179226
679,ERS024569
680,ERS042908
681,ERS042909
682,ERS042910
683,SRS179211
684,SRS179212
685,SRS179216
686,SRS179217
687,SRS179219
688,SRS179220
689,SRS179222
690,SRS179223
691,SRS179224
692,SRS179225
693,SRS179227
694,SRS084829
695,SRS179159
696,SRS179160
697,SRS184283
698,SRS184284
699,SRS179016
700,ERS044568
701,SRS179140
702,SRS179141
703,SRS084812
704,SRS084814
705,SRS084815
706,SRS084817
707,SRS084818
708,SRS084819
709,SRS084821
710,SRS084823
711,SRS084824
712,SRS084825
713,SRS179184
714,SRS179185
715,SRS179142
716,SRS179135
717,SRS179143
718,SRS179144
719,SRS179145
720,SRS179146
721,SRS179147
722,SRS179148
723,SRS179149
724,SRS179150
725,SRS179151
726,SRS179152
727,SRS179153
728,SRS179154
729,SRS179155
730,SRS179156
731,SRS179157
732,SRS179158
733,SRS179010
734,SRS179011
735,SRS179007
736,SRS179008
737,SRS179013
738,SRS179014
739,SRS179274
740,ERS046277
741,ERS046256
742,ERS046249
743,ERS046217
744,ERS046302
745,ERS046281
746,ERS046227
747,ERS046231
748,ERS046242
749,ERS046245
750,ERS046236
751,ERS046284
752,ERS046278
753,ERS046296
754,ERS046279
755,ERS046251
756,ERS046280
757,ERS046253
758,ERS046295
759,ERS046255
760,ERS046292
761,ERS046241
762,ERS046262
763,ERS046301
764,ERS046300
765,ERS046222
766,ERS046250
767,ERS046240
768,ERS046286
769,ERS046267
770,ERS046298
771,ERS046304
772,ERS046237
773,ERS046276
774,ERS046272
775,ERS046264
776,ERS046293
777,ERS046273
778,ERS046268
779,ERS046265
780,ERS046287
781,ERS046266
782,ERS046289
783,ERS046257
784,ERS046244
785,ERS046297
786,ERS046224
787,ERS046269
788,ERS046228
789,ERS046238
790,ERS046258
791,ERS046252
792,ERS046225
793,ERS046282
794,ERS046291
795,ERS046288
796,ERS046260
797,ERS046243
798,ERS046274
799,ERS046247
800,ERS046275
801,ERS046294
802,ERS046261
803,ERS046230
804,ERS046285
805,ERS046221
806,ERS046248
807,ERS046290
808,ERS046234
809,ERS046271
810,ERS046305
811,ERS046229
812,ERS046263
813,ERS046246
814,ERS046220
815,ERS046218
816,ERS046235
817,ERS046254
818,ERS046299
819,ERS046259
820,ERS046303
821,ERS046283
822,ERS046219
823,ERS046226
824,ERS046223
825,ERS046233
826,ERS046239
827,ERS046270
828,ERS046232
829,SRS179228
830,SRS179229
831,SRS179230
832,SRS179231
833,SRS179232
834,SRS179233
835,SRS179234
836,SRS179235
837,SRS179236
838,SRS179237
839,SRS179238
840,SRS179239
841,SRS179240
842,SRS179241
843,SRS179244
844,SRS179245
845,SRS179246
846,SRS179248
847,SRS179249
848,SRS179250
849,SRS179247
850,SRS191097
851,SRS191098
852,SRS191099
853,SRS191100
854,SRS191101
855,SRS191102
856,SRS191103
857,SRS191104
858,SRS191105
859,SRS191106
860,SRS191107
861,SRS184321
862,SRS191108
863,SRS191109
864,SRS191110
865,SRS191111
866,SRS191112
867,SRS191113
868,SRS191114
869,SRS191115
870,SRS191116
871,SRS191117
872,SRS191118
873,SRS191119
874,SRS191120
875,SRS191121
876,SRS191122
877,SRS191123
878,SRS191124
879,SRS184322
880,SRS191125
881,SRS184323
882,SRS184324
883,SRS191126
884,SRS191127
885,SRS191128
886,SRS191129
887,SRS191130
888,SRS191131
889,SRS191132
890,SRS179242
891,SRS179243
892,SRS191033
893,SRS191060
894,SRS191061
895,SRS212457
896,SRS191036
897,SRS212454
898,SRS212461
899,SRS212516
900,SRS212515
901,SRS212518
902,SRS212519
903,SRS212522
904,SRS212521
905,SRS179133
906,SRS179132
907,SRS212525
908,SRS212524
909,SRS191063
910,SRS191064
911,SRS193277
912,SRS193276
913,SRS191090
914,SRS191091
915,SRS006582
916,SRS006583
917,SRS212451
918,SRS212452
919,SRS212455
920,SRS191034
921,SRS191037
922,SRS074316
923,SRS074317
924,SRS074319
925,SRS074320
926,SRS074322
927,SRS074323
928,SRS074337
929,SRS074338
930,SRS074343
931,SRS074344
932,SRS179004
933,SRS179005
934,SRS179136
935,SRS179137
936,SRS179138
937,SRS179139
938,SRS074385
939,SRS074386
940,SRS084827
941,SRS179273
942,SRS179017
943,SRS191039
944,SRS191040
945,SRS191094
946,SRS191093
947,SRS191096
948,SRS191042
949,SRS179183
950,SRS191066
951,SRS191067
952,SRS191069
953,SRS006580
954,SRS006581
955,SRS003910
956,SRS003911
957,SRS003912
958,SRS003913
959,SRS000030
960,SRS000046
961,SRS008545
962,SRS008594
963,SRS006839
964,SRS179271
965,SRS179272
966,SRS084809
967,SRS084811
968,SRS074310
969,SRS074311
970,SRS074313
971,SRS074314
972,SRS084807
973,SRS084808
974,SRS179251
975,SRS179252
976,SRS179253
977,SRS179254
978,SRS179255
979,SRS179256
980,SRS179257
981,SRS179258
982,SRS179259
983,SRS179260
984,SRS179261
985,SRS179264
986,SRS179263
987,SRS179262
988,SRS179265
989,SRS179266
990,SRS179267
991,SRS179268
992,SRS179269
993,SRS179270
994,SRS178998
995,SRS178999
996,SRS179001
997,SRS179002
998,SRS000729
999,SRS179200
1000,SRS179199
