1,ERS1127820
2,SRS1548996
3,SRS3904604
4,SRS3907968
5,SRS998625
6,SRS1651894
7,SRS1651375
8,SRS3907466
9,SRS1001397
10,SRS3913010
11,SRS086459
12,SRS1705449
13,SRS1359264
14,SRS1288390
15,SRS480706
16,SRS1847167
17,SRS784481
18,SRS1650811
19,SRS1605536
20,SRS1359196
21,SRS4163203
22,ERS1129474
23,SRS4906622
24,SRS1651817
25,SRS2504895
26,SRS1004080
27,SRS1315510
28,ERS698757
29,SRS674921
30,SRS1887254
31,SRS1348199
32,SRS3920821
33,SRS1002381
34,SRS3905276
35,SRS1092588
36,SRS1651740
37,ERS1128447
38,SRS806641
39,ERS1113065
40,SRS1887748
41,SRS495045
42,SRS1259530
43,SRS1000674
44,SRS783808
45,SRS3908321
46,ERS640839
47,SRS1001314
48,SRS1231068
49,SRS1580916
50,SRS1557376
51,SRS747758
52,SRS3918246
53,SRS1350784
54,SRS1474369
55,SRS1799048
56,ERS1222262
57,SRS2513654
58,SRS3915557
59,SRS1004544
60,SRS999856
61,SRS1348034
62,SRS118885
63,SRS3918316
64,SRS3910660
65,ERS1473446
66,ERS220876
67,SRS1676901
68,ERS1461229
69,SRS1350288
70,SRS2489876
71,SRS4906295
72,SRS118790
73,SRS4907258
74,SRS3902335
75,SRS3920451
76,SRS1650876
77,SRS270599
78,SRS302978
79,SRS1359328
80,SRS1005946
81,SRS1815354
82,SRS1004620
83,SRS1232395
84,SRS2567979
85,SRS809518
86,SRS1628123
87,SRS1082997
88,SRS2465339
89,SRS3922019
90,SRS4906644
91,SRS3909563
92,SRS3921651
93,SRS3915742
94,SRS4913307
95,SRS1007320
96,SRS3915770
97,SRS1231146
98,SRS1732128
99,SRS1328088
100,ERS2702119
101,SRS1006005
102,SRS4916265
103,SRS1000899
104,SRS1886779
105,ERS474870
106,SRS1799325
107,SRS2471698
108,SRS296680
109,SRS529974
110,SRS1001953
111,SRS1627935
112,SRS1259626
113,DRS030097
114,SRS1675926
115,SRS296662
116,SRS1001045
117,ERS1042192
118,SRS1230303
119,SRS3913381
120,SRS3912936
121,SRS1650992
122,SRS1888244
123,SRS296614
124,SRS4164134
125,SRS4164167
126,ERS1295381
127,SRS1468772
128,SRS301197
129,SRS1268890
130,SRS2212112
131,SRS184315
132,SRS2471367
133,SRS1237803
134,SRS1007060
135,SRS3908856
136,SRS4157916
137,ERS1223555
138,SRS783789
139,SRS778798
140,SRS985431
141,SRS1881436
142,SRS1651749
143,SRS376311
144,SRS674940
145,SRS675685
146,SRS1362886
147,SRS3914752
148,SRS817074
149,SRS782823
150,ERS074383
151,SRS296261
152,SRS4910360
153,SRS086451
154,SRS1348024
155,SRS1145536
156,SRS1076848
157,SRS4905761
158,SRS1647755
159,SRS4165080
160,SRS525402
161,SRS4163741
162,SRS1886844
163,SRS4907545
164,SRS1083354
165,SRS2515944
166,SRS806948
167,ERS1702684
168,ERS474879
169,SRS997378
170,ERS088641
171,SRS1262174
172,SRS1900142
173,SRS1627915
174,SRS2513933
175,SRS2299793
176,SRS3906586
177,ERS1328849
178,SRS3911850
179,SRS1001777
180,SRS1240051
181,SRS1360271
182,SRS1904371
183,SRS4914479
184,ERS1566089
185,SRS3916614
186,SRS999484
187,ERS1135446
188,ERS1148678
189,SRS3919658
190,SRS1846911
191,SRS997938
192,SRS1650505
193,SRS808240
194,SRS1000594
195,SRS4917834
196,SRS1886169
197,SRS812178
198,SRS4909893
199,SRS805356
200,SRS4906655
201,SRS4164883
202,SRS1355608
203,SRS1002789
204,SRS809336
205,SRS3915771
206,SRS3911659
207,SRS3905506
208,SRS1272142
209,SRS999163
210,SRS3908167
211,ERS1042179
212,SRS3921032
213,SRS814983
214,SRS674693
215,SRS745589
216,SRS649217
217,SRS401146
218,SRS997652
219,SRS3920631
220,SRS999799
221,SRS1351848
222,SRS3927161
223,SRS3035623
224,SRS1511064
225,SRS4913533
226,ERS1222250
227,SRS1906715
228,SRS179182
229,SRS2357064
230,SRS270633
231,SRS1571175
232,SRS809818
233,SRS3903124
234,SRS4912718
235,SRS3915725
236,SRS782716
237,ERS1042170
238,SRS368462
239,ERS1129424
240,SRS3905136
241,SRS836603
242,SRS118789
243,SRS3922071
244,ERS474713
245,SRS1206648
246,SRS1879828
247,SRS1546693
248,SRS4165254
249,SRS1268815
250,ERS1041003
251,SRS4912009
252,SRS998789
253,SRS1886550
254,ERS1128835
255,SRS4914006
256,SRS1123204
257,SRS1881417
258,SRS812159
259,SRS1801599
260,SRS1347324
261,SRS1888851
262,SRS2471557
263,SRS4911869
264,SRS1007319
265,ERS416454
266,SRS3916080
267,SRS491082
268,SRS1231764
269,SRS1264548
270,ERS1128211
271,SRS782655
272,SRS3922070
273,SRS4911353
274,SRS1658801
275,SRS682869
276,SRS1288308
277,SRS1348062
278,SRS3910876
279,SRS1891733
280,SRS4919313
281,SRS1844517
282,SRS296845
283,SRS1903563
284,SRS1881118
285,SRS1236374
286,SRS1396550
287,SRS1628417
288,SRS4917518
289,ERS1576718
290,SRS1000195
291,SRS1650751
292,SRS4918931
293,SRS3906620
294,SRS1889397
295,SRS1361162
296,SRS3914061
297,SRS1256011
298,SRS4919028
299,SRS2330206
300,SRS296042
301,SRS4905181
302,SRS473381
303,SRS998889
304,SRS368176
305,SRS2183142
306,SRS3915395
307,SRS2122553
308,SRS4158883
309,SRS675581
310,SRS1278546
311,SRS3921669
312,SRS3915976
313,SRS3901730
314,SRS2485274
315,SRS1468880
316,SRS1512430
317,SRS1889748
318,SRS1694311
319,SRS4909050
320,SRS1084803
321,SRS809511
322,SRS344072
323,ERS3409012
324,SRS3912817
325,SRS3903698
326,SRS3919636
327,SRS1237768
328,SRS682922
329,SRS008571
330,ERS1588919
331,SRS1628085
332,SRS1891895
333,SRS998941
334,SRS3920058
335,SRS3917587
336,SRS3914141
337,SRS4906586
338,SRS1888888
339,SRS1660259
340,SRS1886920
341,ERS1067330
342,SRS1229630
343,SRS3906456
344,ERS139294
345,SRS1892095
346,SRS1271062
347,SRS3912087
348,SRS1879833
349,SRS1498025
350,SRS4908492
351,SRS3913879
352,SRS3910426
353,SRS1348204
354,ERS474778
355,SRS1360891
356,SRS1903983
357,SRS1799299
358,SRS360361
359,SRS997197
360,SRS1005640
361,SRS3902055
362,SRS1883359
363,SRS1424992
364,SRS1580988
365,ERS1135483
366,SRS344190
367,SRS872774
368,SRS1903966
369,SRS985454
370,SRS4164890
371,SRS3903582
372,SRS1799174
373,SRS1881080
374,SRS4163500
375,SRS817062
376,SRS1351323
377,SRS1005462
378,SRS3910670
379,SRS1694042
380,SRS3921999
381,ERS1127935
382,SRS1628319
383,SRS1424824
384,SRS997256
385,SRS3910897
386,SRS4166986
387,SRS4165666
388,SRS4910688
389,SRS3921050
390,SRS3917548
391,SRS3910893
392,ERS1101217
393,SRS1328166
394,SRS1731967
395,SRS2465172
396,SRS256283
397,SRS808245
398,SRS1650875
399,SRS3917985
400,SRS1900623
401,ERS212130
402,SRS4908823
403,SRS1000352
404,SRS1443180
405,SRS1888438
406,SRS1007009
407,SRS4159277
408,SRS1900740
409,SRS4159439
410,SRS3905802
411,SRS1903903
412,SRS4163311
413,SRS3902102
414,SRS3811859
415,SRS1012889
416,SRS1348254
417,SRS3907780
418,SRS1083778
419,SRS1121974
420,SRS4827126
421,SRS1651753
422,SRS999363
423,ERS625339
424,SRS4909410
425,SRS1359186
426,SRS4906190
427,SRS795742
428,SRS1207913
429,SRS2513688
430,SRS1210412
431,ERS894857
432,SRS3903912
433,SRS1558145
434,SRS1003920
435,SRS495105
436,SRS1231064
437,SRS1305092
438,SRS351209
439,SRS1237393
440,SRS4918159
441,SRS3909976
442,SRS2513914
443,SRS302782
444,SRS1188075
445,SRS809260
446,SRS998290
447,SRS1881502
448,SRS1005046
449,SRS179247
450,SRS3909060
451,SRS1424554
452,SRS818025
453,SRS1361299
454,ERS1295376
455,SRS1348531
456,SRS1003771
457,SRS996998
458,SRS997262
459,SRS001595
460,SRS1694141
461,SRS2505022
462,SRS1671387
463,SRS1904110
464,SRS1322863
465,SRS350976
466,SRS4161702
467,SRS1278443
468,SRS1092553
469,SRS344062
470,SRS3920604
471,ERS1783946
472,SRS296381
473,SRS3912808
474,SRS4907862
475,SRS808452
476,SRS1891906
477,SRS1888325
478,SRS1002345
479,ERS220923
480,SRS605551
481,SRS1295756
482,SRS811173
483,SRS4903547
484,SRS1785682
485,SRS525567
486,SRS1858905
487,SRS1229615
488,SRS3911747
489,SRS1462684
490,SRS1658789
491,SRS3907099
492,SRS3921505
493,ERS1128709
494,SRS996856
495,ERS207085
496,SRS1647601
497,SRS4161978
498,SRS502550
499,SRS1886044
500,SRS1012863
501,SRS3911078
502,SRS3918469
503,SRS1628267
504,SRS1231192
505,SRS1632167
506,SRS4916816
507,SRS806552
508,SRS1883426
509,SRS1896984
510,SRS212499
511,SRS996667
512,SRS814992
513,SRS807117
514,SRS1229557
515,SRS3917876
516,ERS3340323
517,SRS4916518
518,SRS525850
519,SRS1889547
520,SRS405567
521,SRS256470
522,SRS674968
523,SRS4159296
524,SRS1278800
525,SRS1230322
526,SRS1694424
527,SRS3913926
528,SRS809198
529,SRS3917128
530,SRS3902167
531,SRS1676970
532,SRS3905150
533,SRS1347966
534,SRS256731
535,SRS1889681
536,SRS1315499
537,SRS1882154
538,SRS3919881
539,SRS4909271
540,SRS1794343
541,SRS1205555
542,ERS1114584
543,SRS3904911
544,SRS3911613
545,SRS4165237
546,SRS1324290
547,SRS999895
548,SRS3919150
549,SRS1651066
550,SRS1903507
551,SRS1354586
552,SRS1036294
553,ERS1255066
554,SRS1627922
555,SRS3910914
556,ERS1223484
557,SRS3913913
558,SRS1305020
559,SRS806947
560,SRS783390
561,ERS436729
562,ERS088531
563,SRS1650703
564,SRS1004368
565,SRS1005705
566,SRS3912496
567,SRS4904914
568,ERS1113150
569,ERS1295375
570,ERS1176940
571,SRS1361110
572,ERS1295589
573,SRS1353609
574,SRS997763
575,SRS996666
576,SRS3920818
577,SRS3911101
578,ERS3409135
579,SRS1925272
580,SRS267708
581,SRS3927521
582,SRS996566
583,SRS1201789
584,ERS474393
585,SRS1732094
586,SRS1267334
587,SRS4909732
588,SRS807929
589,ERS372233
590,SRS805643
591,SRS3917114
592,SRS1005675
593,SRS1003829
594,ERS1113894
595,SRS1882567
596,SRS267768
597,SRS4904199
598,SRS3907714
599,ERS1255124
600,SRS807223
601,SRS1233471
602,ERS1114138
603,SRS1694414
604,SRS1324648
605,SRS1886510
606,SRS299310
607,ERS1176927
608,ERS386471
609,SRS3919497
610,SRS1353410
611,SRS1904757
612,SRS1887819
613,SRS600337
614,SRS698458
615,SRS814985
616,SRS3917604
617,SRS1892506
618,SRS1887347
619,SRS1315356
620,SRS2513958
621,SRS4912421
622,SRS722908
623,SRS4164330
624,SRS3916632
625,SRS1650641
626,SRS428961
627,SRS4909508
628,SRS2299769
629,SRS1305009
630,SRS1243986
631,SRS1884815
632,ERS235613
633,SRS1347710
634,SRS675885
635,ERS480293
636,ERS1298778
637,SRS256654
638,SRS3910554
639,ERS1113290
640,SRS1328696
641,SRS3912207
642,SRS352928
643,SRS1201832
644,SRS3909145
645,SRS804495
646,SRS4907897
647,SRS1547309
648,SRS4163048
649,SRS489924
650,SRS996381
651,SRS1229602
652,ERS1112898
653,SRS3901933
654,SRS1324287
655,SRS1605151
656,SRS1001074
657,SRS1437953
658,SRS1761282
659,SRS3916378
660,SRS1262992
661,ERS1222363
662,SRS1547467
663,SRS3912007
664,SRS675837
665,SRS811206
666,SRS1886469
667,SRS1271911
668,ERS1298135
669,SRS1229924
670,SRS3913968
671,SRS1705611
672,SRS597399
673,SRS302863
674,SRS1918072
675,SRS1871941
676,SRS3909033
677,SRS4916636
678,ERS1128492
679,SRS1486316
680,SRS675536
681,SRS1723533
682,SRS4907098
683,SRS2318394
684,SRS1257912
685,SRS1001374
686,SRS1812594
687,SRS1889137
688,SRS4904699
689,SRS1690583
690,SRS1237971
691,SRS2471752
692,SRS717080
693,SRS489738
694,SRS1003795
695,SRS1888027
696,SRS1980665
697,SRS3914179
698,SRS1313652
699,SRS3035666
700,SRS806566
701,SRS4158995
702,SRS782486
703,SRS1887871
704,SRS4910380
705,SRS988777
706,SRS1694656
707,SRS1903037
708,SRS1304695
709,SRS4911165
710,SRS268452
711,SRS4163820
712,SRS4160314
713,SRS1210593
714,SRS3912120
715,SRS589503
716,SRS1650657
717,SRS4918760
718,SRS1001054
719,SRS1651717
720,SRS811152
721,SRS3921814
722,SRS1885068
723,SRS1889981
724,SRS1883204
725,SRS301157
726,SRS3921796
727,ERS474217
728,SRS1889558
729,SRS1000687
730,SRS1355838
731,SRS727260
732,SRS1030432
733,SRS3906383
734,SRS534840
735,SRS3909049
736,ERS3408574
737,SRS1886032
738,SRS1320563
739,SRS924762
740,SRS995853
741,SRS996789
742,ERS046294
743,SRS1785170
744,SRS1553700
745,SRS1231377
746,SRS527858
747,SRS1401675
748,SRS1888850
749,ERS1067640
750,SRS4914086
751,SRS1462648
752,SRS4906863
753,SRS3903517
754,SRS4918251
755,SRS1461551
756,SRS1924745
757,SRS1002574
758,SRS1234458
759,SRS1264480
760,SRS118129
761,SRS1012282
762,SRS1889353
763,SRS1324398
764,SRS3919387
765,SRS1605334
766,SRS297117
767,SRS4912752
768,SRS4917189
769,SRS1243929
770,SRS1000279
771,SRS478319
772,SRS1881209
773,SRS3920175
774,SRS1886784
775,SRS1261690
776,SRS4917200
777,SRS2113254
778,SRS998417
779,SRS1003486
780,SRS1647203
781,SRS1001522
782,SRS731998
783,SRS1355652
784,SRS1265155
785,SRS3903976
786,ERS1113036
787,SRS3913606
788,SRS589466
789,SRS303121
790,SRS3917889
791,SRS1264464
792,ERS1128707
793,SRS807267
794,SRS996357
795,SRS1883130
796,SRS3907390
797,SRS4160155
798,SRS1004437
799,SRS1651248
800,SRS999562
801,SRS1351865
802,SRS2568439
803,SRS1355462
804,SRS806980
805,SRS3921425
806,SRS4911112
807,SRS001675
808,SRS2515984
809,SRS1353128
810,SRS300966
811,SRS1353628
812,SRS3903274
813,ERS652585
814,ERS640558
815,ERS1040885
816,SRS1547357
817,SRS1731904
818,SRS3921136
819,SRS299299
820,SRS922741
821,SRS001460
822,SRS1355866
823,SRS1323674
824,SRS1347897
825,SRS3918248
826,SRS4904245
827,SRS4905180
828,SRS1006710
829,SRS1325183
830,SRS998523
831,SRS3921971
832,SRS1324399
833,SRS1732233
834,SRS4913426
835,SRS1676533
836,SRS074289
837,SRS1004313
838,SRS3911800
839,SRS3918753
840,SRS676025
841,SRS1896983
842,ERS894858
843,SRS296231
844,SRS3911862
845,SRS988733
846,SRS4904847
847,SRS1604997
848,SRS999339
849,SRS1879621
850,SRS4166207
851,SRS4910071
852,SRS3902680
853,SRS745521
854,SRS1732127
855,ERS3408996
856,SRS1694518
857,SRS3908693
858,SRS1761340
859,SRS1881004
860,SRS295980
861,SRS008715
862,SRS3918181
863,SRS806212
864,SRS4919047
865,SRS3903677
866,SRS267758
867,SRS1896413
868,SRS805378
869,SRS1272671
870,SRS3916336
871,SRS1651765
872,SRS1005717
873,SRS997585
874,SRS3915541
875,SRS676024
876,SRS1900635
877,SRS300934
878,SRS1324279
879,SRS267824
880,SRS3917119
881,SRS1895186
882,SRS2012332
883,SRS1208091
884,SRS3912105
885,SRS1627561
886,SRS4907877
887,SRS996914
888,ERS710295
889,SRS1005587
890,SRS1731745
891,SRS4157743
892,SRS1000044
893,SRS800192
894,SRS1006626
895,SRS1371144
896,SRS3909084
897,SRS1000673
898,SRS3911895
899,SRS495175
900,SRS3906419
901,ERS1566105
902,SRS1207487
903,SRS3902439
904,SRS300931
905,SRS4908861
906,ERS1040957
907,SRS1237528
908,SRS999007
909,SRS1006379
910,SRS1904298
911,SRS1231130
912,SRS1891753
913,SRS933510
914,SRS508642
915,SRS3915960
916,SRS777088
917,SRS1235783
918,SRS1322763
919,SRS3918028
920,SRS1252176
921,SRS2489897
922,SRS1004179
923,SRS3920284
924,SRS1359273
925,SRS1318766
926,SRS1888954
927,SRS999847
928,SRS3901976
929,SRS1360951
930,SRS1004325
931,SRS692034
932,SRS479649
933,SRS1676854
934,SRS1011820
935,SRS1325148
936,SRS536995
937,SRS1651853
938,SRS256673
939,SRS795748
940,SRS998096
941,SRS2505101
942,ERS1040969
943,SRS806709
944,ERS3408748
945,ERS078905
946,SRS1732199
947,SRS1083513
948,SRS3911595
949,SRS1002025
950,SRS3903618
951,SRS3914624
952,SRS4162224
953,SRS804484
954,SRS3920272
955,SRS1351847
956,SRS784486
957,SRS2161671
958,SRS1001172
959,SRS809394
960,SRS1082907
961,SRS3914350
962,SRS985374
963,SRS1651531
964,SRS1000576
965,SRS256080
966,ERS1114082
967,SRS1002245
968,SRS1891078
969,ERS1067094
970,SRS1884790
971,ERS1127875
972,SRS3927525
973,SRS1353707
974,SRS1036114
975,SRS1676235
976,SRS3902389
977,SRS1234414
978,SRS1341002
979,SRS2471765
980,SRS808566
981,SRS1264623
982,ERS1114000
983,SRS4164470
984,ERS235632
985,SRS1419182
986,SRS1000057
987,SRS1259556
988,ERS1114156
989,SRS3918143
990,SRS267779
991,SRS495368
992,ERS167001
993,SRS525725
994,SRS1900788
995,SRS3905054
996,SRS1355043
997,SRS815006
998,SRS1882668
999,ERS1066757
1000,ERS1696862
