1,DRS003336
2,DRS003337
3,DRS003843
4,DRS005865
5,DRS005866
6,DRS005867
7,DRS009171
8,DRS009172
9,DRS009173
10,DRS011767
11,DRS011768
12,DRS011769
13,DRS011770
14,DRS011771
15,DRS011772
16,DRS011773
17,DRS011774
18,DRS011775
19,DRS011776
20,DRS011893
21,DRS012097
22,DRS012098
23,DRS012099
24,DRS012094
25,DRS012095
26,DRS012096
27,DRS012440
28,DRS012441
29,DRS012442
30,DRS016242
31,DRS016243
32,DRS016244
33,DRS016245
34,DRS016321
35,DRS016322
36,DRS016323
37,DRS016324
38,DRS016363
39,DRS016364
40,DRS016365
41,DRS016366
42,DRS016367
43,DRS016368
44,DRS016369
45,DRS016370
46,DRS016273
47,DRS016274
48,DRS016275
49,DRS016276
50,DRS016277
51,DRS016278
52,DRS016279
53,DRS016280
54,DRS016297
55,DRS016298
56,DRS016299
57,DRS016300
58,DRS016301
59,DRS016302
60,DRS016303
61,DRS016304
62,DRS016305
63,DRS016306
64,DRS016307
65,DRS016308
66,DRS016309
67,DRS016310
68,DRS016311
69,DRS016312
70,DRS016313
71,DRS016314
72,DRS016315
73,DRS016316
74,DRS016317
75,DRS016318
76,DRS016319
77,DRS016320
78,DRS016360
79,DRS016362
80,DRS016361
81,DRS016358
82,DRS016357
83,DRS016359
84,DRS016289
85,DRS016290
86,DRS016291
87,DRS016292
88,DRS016293
89,DRS016294
90,DRS016295
91,DRS016296
92,DRS032373
93,DRS032372
94,DRS034047
95,DRS034048
96,DRS034049
97,DRS034050
98,DRS034051
99,DRS034052
100,DRS034053
101,DRS034054
102,ERS371123
103,ERS371124
104,ERS371125
105,ERS371265
106,ERS371266
107,ERS374062
108,ERS379374
109,ERS379375
110,ERS379376
111,ERS379377
112,ERS384432
113,ERS506029
114,ERS506030
115,ERS506031
116,ERS506032
117,ERS506033
118,ERS506034
119,ERS513151
120,ERS513152
121,ERS513153
122,ERS513154
123,ERS513155
124,ERS513156
125,ERS513157
126,ERS513158
127,ERS540007
128,ERS540008
129,ERS540009
130,ERS540010
131,ERS568448
132,ERS568449
133,ERS568450
134,ERS568451
135,ERS568453
136,ERS568454
137,ERS568455
138,ERS568456
139,ERS578756
140,ERS578757
141,ERS578758
142,ERS578759
143,ERS578760
144,ERS578761
145,ERS578744
146,ERS578745
147,ERS578746
148,ERS578747
149,ERS578748
150,ERS578749
151,ERS578750
152,ERS578751
153,ERS578752
154,ERS578753
155,ERS578754
156,ERS578755
157,ERS578732
158,ERS578733
159,ERS578734
160,ERS578735
161,ERS578736
162,ERS578737
163,ERS578738
164,ERS578739
165,ERS578740
166,ERS578741
167,ERS578742
168,ERS578743
169,ERS611040
170,ERS611041
171,ERS611042
172,ERS611043
173,ERS611044
174,ERS611045
175,ERS611046
176,ERS611047
177,ERS611048
178,ERS611049
179,ERS611050
180,ERS611051
181,ERS611052
182,ERS611053
183,ERS611054
184,ERS611055
185,ERS611056
186,ERS611057
187,ERS611058
188,ERS611059
189,ERS611060
190,ERS611061
191,ERS611062
192,ERS611063
193,ERS625759
194,ERS625760
195,ERS625761
196,ERS625762
197,ERS625763
198,ERS625764
199,ERS625765
200,ERS625766
201,ERS625767
202,ERS625768
203,ERS625769
204,ERS625770
205,ERS625771
206,ERS625772
207,ERS625773
208,ERS625774
209,ERS625775
210,ERS625776
211,ERS625777
212,ERS625778
213,ERS625779
214,ERS625780
215,ERS625781
216,ERS625782
217,ERS625783
218,ERS625784
219,ERS625785
220,ERS625786
221,ERS625787
222,ERS625788
223,ERS625789
224,ERS625790
225,ERS625791
226,ERS625792
227,ERS625793
228,ERS625794
229,ERS625795
230,ERS625796
231,ERS625797
232,ERS625798
233,ERS625799
234,ERS625800
235,ERS625801
236,ERS625802
237,ERS625803
238,ERS625804
239,ERS625805
240,ERS625806
241,ERS625807
242,ERS625808
243,ERS625809
244,ERS625810
245,ERS625811
246,ERS625812
247,ERS625813
248,ERS625814
249,ERS625815
250,ERS625816
251,ERS625817
252,ERS625818
253,ERS625819
254,ERS625820
255,ERS625821
256,ERS625822
257,ERS625823
258,ERS625824
259,ERS625825
260,ERS625826
261,ERS625827
262,ERS625828
263,ERS625829
264,ERS625830
265,ERS625831
266,ERS625832
267,ERS625833
268,ERS625834
269,ERS625835
270,ERS625836
271,ERS625837
272,ERS625838
273,ERS625839
274,ERS625840
275,ERS625841
276,ERS625842
277,ERS625843
278,ERS625844
279,ERS625845
280,ERS625846
281,ERS625847
282,ERS625848
283,ERS625849
284,ERS625850
285,ERS625851
286,ERS625852
287,ERS625853
288,ERS625854
289,ERS625855
290,ERS625856
291,ERS625857
292,ERS625858
293,ERS625859
294,ERS625860
295,ERS625861
296,ERS625862
297,ERS625863
298,ERS625864
299,ERS625865
300,ERS625866
301,ERS625867
302,ERS625868
303,ERS625869
304,ERS625870
305,ERS625871
306,ERS625872
307,ERS625873
308,ERS625874
309,ERS625875
310,ERS625876
311,ERS625877
312,ERS625878
313,ERS625879
314,ERS625880
315,ERS625881
316,ERS625882
317,ERS625883
318,ERS625884
319,ERS625885
320,ERS625886
321,ERS625887
322,ERS625888
323,ERS625889
324,ERS625890
325,ERS625891
326,ERS625892
327,ERS625893
328,ERS625894
329,ERS625895
330,ERS625896
331,ERS625897
332,ERS625898
333,ERS625899
334,ERS625900
335,ERS625901
336,ERS625902
337,ERS625903
338,ERS625904
339,ERS625905
340,ERS625906
341,ERS625907
342,ERS625908
343,ERS625909
344,ERS625910
345,ERS625911
346,ERS625912
347,ERS625913
348,ERS625914
349,ERS625915
350,ERS625916
351,ERS625917
352,ERS625918
353,ERS625919
354,ERS625920
355,ERS625921
356,ERS625922
357,ERS625923
358,ERS625924
359,ERS625925
360,ERS625926
361,ERS625927
362,ERS625928
363,ERS625929
364,ERS625930
365,ERS635606
366,ERS635607
367,ERS642648
368,ERS642649
369,ERS642650
370,ERS642651
371,ERS642652
372,ERS642653
373,ERS642654
374,ERS642655
375,ERS642656
376,ERS642677
377,ERS642678
378,ERS642679
379,ERS642680
380,ERS642681
381,ERS642682
382,ERS642683
383,ERS642684
384,ERS642685
385,ERS642686
386,ERS642687
387,ERS642688
388,ERS642689
389,ERS642690
390,ERS642691
391,ERS642692
392,ERS642693
393,ERS642694
394,ERS642695
395,ERS642696
396,ERS642697
397,ERS642698
398,ERS642699
399,ERS642700
400,ERS652448
401,ERS686951
402,ERS686952
403,ERS686953
404,ERS686954
405,ERS686955
406,ERS686956
407,ERS686957
408,ERS686958
409,ERS686959
410,ERS686960
411,ERS686961
412,ERS686962
413,ERS686963
414,ERS686964
415,ERS686965
416,ERS686966
417,ERS686967
418,ERS686968
419,ERS686969
420,ERS686970
421,ERS686971
422,ERS686972
423,ERS686973
424,ERS686974
425,ERS686975
426,ERS686976
427,ERS686977
428,ERS686978
429,ERS686979
430,ERS686980
431,ERS701901
432,ERS701902
433,ERS701903
434,ERS701904
435,ERS701905
436,ERS701906
437,ERS701907
438,ERS701908
439,ERS701909
440,ERS701910
441,ERS701911
442,ERS801242
443,ERS801243
444,ERS801244
445,ERS801245
446,ERS801246
447,ERS801247
448,ERS801248
449,ERS801249
450,ERS801250
451,ERS801251
452,ERS801252
453,ERS801253
454,ERS801254
455,ERS801255
456,ERS801256
457,ERS801257
458,ERS801258
459,ERS801259
460,ERS861202
461,ERS861203
462,ERS861204
463,ERS861205
464,ERS861206
465,ERS861207
466,ERS861208
467,ERS861209
468,ERS861210
469,ERS861211
470,ERS861212
471,ERS861213
472,ERS861214
473,ERS861215
474,ERS861216
475,ERS872196
476,ERS872197
477,ERS872198
478,ERS872199
479,ERS872200
480,ERS872202
481,ERS872203
482,ERS872204
483,ERS872205
484,ERS872206
485,ERS872207
486,ERS872208
487,ERS872209
488,ERS872210
489,ERS872211
490,ERS872212
491,ERS872213
492,ERS872214
493,ERS872215
494,ERS872216
495,ERS872217
496,ERS872218
497,ERS872219
498,ERS872220
499,ERS872221
500,ERS872222
501,ERS872223
502,ERS872224
503,ERS872225
504,ERS872226
505,ERS872227
506,ERS872228
507,ERS872229
508,ERS872230
509,ERS872231
510,ERS872232
511,ERS872233
512,ERS872234
513,ERS872235
514,ERS872236
515,ERS872237
516,ERS872238
517,ERS872239
518,ERS872240
519,ERS872241
520,ERS872243
521,ERS872244
522,ERS872245
523,ERS872246
524,ERS872247
525,ERS872248
526,ERS872249
527,ERS872250
528,ERS872251
529,ERS872252
530,ERS872253
531,ERS872254
532,ERS872255
533,ERS872256
534,ERS872257
535,ERS872258
536,ERS872259
537,ERS872260
538,ERS872261
539,ERS872262
540,ERS872263
541,ERS872264
542,ERS872265
543,ERS872266
544,ERS872267
545,ERS872268
546,ERS872269
547,ERS872270
548,ERS872271
549,ERS872272
550,ERS872273
551,ERS872274
552,ERS872275
553,ERS872276
554,ERS872277
555,ERS872278
556,ERS872279
557,ERS872280
558,ERS872281
559,ERS872282
560,ERS872284
561,ERS872285
562,ERS872286
563,ERS872287
564,ERS872288
565,ERS872289
566,ERS872290
567,ERS872291
568,ERS872292
569,ERS872293
570,ERS872294
571,ERS872295
572,ERS872296
573,ERS872297
574,ERS872298
575,ERS872299
576,ERS872300
577,ERS872301
578,ERS872302
579,ERS872303
580,ERS872304
581,ERS872305
582,ERS872306
583,ERS872307
584,ERS872308
585,ERS872309
586,ERS872310
587,ERS872311
588,ERS872312
589,ERS872313
590,ERS872314
591,ERS872315
592,ERS872316
593,ERS872317
594,ERS872318
595,ERS872319
596,ERS872320
597,ERS872321
598,ERS872322
599,ERS872323
600,ERS872324
601,ERS872325
602,ERS872327
603,ERS872328
604,ERS872329
605,ERS872330
606,ERS872331
607,ERS872332
608,ERS872333
609,ERS872334
610,ERS872335
611,ERS872336
612,ERS872337
613,ERS872338
614,ERS872339
615,ERS872340
616,ERS872341
617,ERS872342
618,ERS872343
619,ERS872344
620,ERS872345
621,ERS872346
622,ERS872347
623,ERS872348
624,ERS872349
625,ERS872350
626,ERS872351
627,ERS872352
628,ERS872353
629,ERS872354
630,ERS872355
631,ERS872356
632,ERS872357
633,ERS872358
634,ERS872359
635,ERS872360
636,ERS872361
637,ERS872362
638,ERS872363
639,ERS872364
640,ERS872365
641,ERS872367
642,ERS872368
643,ERS872369
644,ERS872370
645,ERS872371
646,ERS872372
647,ERS872373
648,ERS872374
649,ERS872375
650,ERS872376
651,ERS872377
652,ERS935040
653,ERS935041
654,ERS935042
655,ERS935043
656,ERS935044
657,ERS935045
658,ERS935046
659,ERS935047
660,ERS935048
661,ERS935049
662,ERS935050
663,ERS935051
664,ERS935052
665,ERS935053
666,ERS935054
667,ERS935055
668,ERS935056
669,ERS935057
670,ERS935058
671,ERS935059
672,ERS935060
673,ERS935061
674,ERS935062
675,ERS935063
676,ERS935064
677,ERS935065
678,ERS935066
679,ERS935067
680,ERS935068
681,ERS935069
682,ERS935070
683,ERS935071
684,ERS935072
685,ERS935073
686,ERS935074
687,ERS935075
688,ERS935076
689,ERS935077
690,ERS935078
691,ERS935079
692,ERS935080
693,ERS935081
694,ERS935082
695,ERS935083
696,ERS935084
697,ERS935085
698,ERS935086
699,ERS935087
700,ERS935088
701,ERS935089
702,ERS935090
703,ERS935091
704,ERS935092
705,ERS935093
706,ERS935094
707,ERS976666
708,ERS976667
709,ERS976668
710,ERS976669
711,ERS976670
712,ERS976671
713,ERS976672
714,ERS976673
715,ERS976674
716,ERS976675
717,ERS976676
718,ERS976677
719,ERS976678
720,ERS976679
721,ERS976680
722,ERS976681
723,ERS976682
724,ERS976683
725,ERS976684
726,ERS976685
727,ERS976686
728,ERS976687
729,ERS976688
730,ERS976689
731,ERS976690
732,ERS976691
733,ERS976692
734,ERS976693
735,ERS976694
736,ERS976695
737,ERS976696
738,ERS976697
739,ERS976698
740,ERS976699
741,ERS976700
742,ERS976701
743,ERS976702
744,ERS976703
745,ERS976704
746,ERS976705
747,ERS976706
748,ERS976707
749,ERS976708
750,ERS976709
751,ERS976710
752,ERS976711
753,ERS976712
754,ERS976713
755,ERS976714
756,ERS976715
757,ERS976716
758,ERS976717
759,ERS976718
760,ERS976719
761,ERS1058660
762,ERS1058661
763,ERS1058662
764,ERS1058663
765,ERS1058664
766,ERS1058665
767,ERS1058666
768,ERS1058667
769,ERS1058668
770,ERS1058669
771,ERS1058670
772,ERS1058671
773,ERS1058672
774,ERS1058673
775,ERS1058674
776,ERS1058675
777,ERS1078730
778,ERS1078731
779,ERS1078732
780,ERS1078733
781,ERS1078734
782,ERS1078735
783,ERS1078736
784,ERS1078737
785,ERS1188801
786,ERS1188802
787,ERS1188803
788,ERS1188804
789,ERS1188805
790,ERS1188806
791,ERS1188807
792,ERS1188808
793,ERS1188809
794,ERS1188810
795,ERS1234146
796,ERS1234148
797,SRS264737
798,SRS291028
799,SRS362230
800,SRS373086
801,SRS373087
802,SRS380267
803,SRS380268
804,SRS380269
805,SRS380270
806,SRS380271
807,SRS380272
808,SRS380273
809,SRS380274
810,SRS380275
811,SRS380276
812,SRS380277
813,SRS380278
814,SRS380279
815,SRS380280
816,SRS380281
817,SRS380282
818,SRS380284
819,SRS380283
820,SRS380285
821,SRS380286
822,SRS380288
823,SRS380287
824,SRS380289
825,SRS380290
826,SRS380291
827,SRS380292
828,SRS380293
829,SRS380294
830,SRS380295
831,SRS380296
832,SRS380297
833,SRS380298
834,SRS380299
835,SRS380301
836,SRS380300
837,SRS380302
838,SRS380303
839,SRS380304
840,SRS380305
841,SRS380306
842,SRS380307
843,SRS380308
844,SRS380309
845,SRS380310
846,SRS380311
847,SRS380312
848,SRS380313
849,SRS380314
850,SRS380315
851,SRS380316
852,SRS380317
853,SRS380318
854,SRS380319
855,SRS380320
856,SRS380321
857,SRS380322
858,SRS380323
859,SRS380324
860,SRS380325
861,SRS380326
862,SRS380327
863,SRS380328
864,SRS380329
865,SRS380330
866,SRS380331
867,SRS380332
868,SRS380333
869,SRS380334
870,SRS380335
871,SRS380336
872,SRS380337
873,SRS380338
874,SRS380339
875,SRS380340
876,SRS380341
877,SRS380342
878,SRS380343
879,SRS380344
880,SRS380345
881,SRS380346
882,SRS380347
883,SRS380348
884,SRS380349
885,SRS380350
886,SRS380351
887,SRS380352
888,SRS380353
889,SRS380354
890,SRS380355
891,SRS380356
892,SRS380357
893,SRS380358
894,SRS380359
895,SRS380360
896,SRS380361
897,SRS380362
898,SRS380363
899,SRS380364
900,SRS380365
901,SRS380366
902,SRS380367
903,SRS380368
904,SRS380369
905,SRS380370
906,SRS380371
907,SRS380372
908,SRS380373
909,SRS380374
910,SRS380375
911,SRS380376
912,SRS380377
913,SRS380378
914,SRS380379
915,SRS380380
916,SRS380381
917,SRS380382
918,SRS380383
919,SRS380384
920,SRS380385
921,SRS380386
922,SRS380387
923,SRS380388
924,SRS380389
925,SRS380390
926,SRS380391
927,SRS380392
928,SRS380393
929,SRS380394
930,SRS380396
931,SRS380395
932,SRS380397
933,SRS380398
934,SRS380399
935,SRS380400
936,SRS380401
937,SRS380402
938,SRS380403
939,SRS380404
940,SRS380405
941,SRS380406
942,SRS380407
943,SRS380408
944,SRS380409
945,SRS380410
946,SRS380411
947,SRS380412
948,SRS380413
949,SRS380415
950,SRS380414
951,SRS380416
952,SRS380417
953,SRS380418
954,SRS380419
955,SRS380420
956,SRS380421
957,SRS380422
958,SRS380423
959,SRS380424
960,SRS380426
961,SRS380425
962,SRS380427
963,SRS380428
964,SRS380429
965,SRS380430
966,SRS380431
967,SRS380432
968,SRS380433
969,SRS380434
970,SRS380435
971,SRS380436
972,SRS380437
973,SRS380438
974,SRS380439
975,SRS380441
976,SRS380440
977,SRS380442
978,SRS380443
979,SRS380444
980,SRS380445
981,SRS380446
982,SRS380447
983,SRS380448
984,SRS380449
985,SRS380450
986,SRS402752
987,SRS409117
988,SRS409118
989,SRS409119
990,SRS409120
991,SRS409121
992,SRS409122
993,SRS409123
994,SRS409124
995,SRS409125
996,SRS409126
997,SRS409127
998,SRS409128
999,SRS409129
1000,SRS409130
